<?xml version="1.0" encoding="utf-8"?>
<extension version="1.6.0" type="plugin" group="system" method="upgrade">
    <name>Installer</name>
	<author>RocketTheme, LLC</author>
	<creationDate>May 26, 2017</creationDate>
	<copyright>(C) 2005 - 2017 RocketTheme, LLC. All rights reserved.</copyright>
	<license>http://www.gnu.org/copyleft/gpl.html GNU/GPL</license>
	<authorEmail>support@rockettheme.com</authorEmail>
	<authorUrl>http://www.rockettheme.com</authorUrl>
	<version>2.1.21</version>
	<description>RokSprocket for Joomla! v2.1.21</description>
    <scriptfile>install.script.php</scriptfile>
    <files>
        <filename plugin="roksprocket_installer">installer.php</filename>
    </files>
    <cogs>
        <cog type="library" enabled="true" protected="false">
            lib_rokcommon
            <name>RokCommon Library</name>
            <description>RocketTheme shared library</description>
        </cog>
        <cog type="plugin" client="site" ordering="0" access="1" enabled="true" protected="false">
            plg_system_rokcommon
            <name>RokCommon System Plugin</name>
            <description>RokCommon System Plugin</description>
        </cog>
        <cog type="component" client="administrator" access="0" enabled="true" protected="false" remove_admin_menu="true">
            com_roksprocket
            <name>RokSprocket Support and Admin Component</name>
            <description>RokSprocket Support and Admin Component</description>
        </cog>
        <cog type="module" client="site" access="1" enabled="true" protected="false">
            mod_roksprocket
            <name>RokSprocket Module</name>
            <description>RokSprocket Module</description>
        </cog>
        <cog type="plugin" client="site" ordering="1" access="1" enabled="true" protected="false">
            plg_system_roksprocket
            <name>RokSprocket support plugin</name>
            <description>RokSprocket support plugin</description>
        </cog>
        <cog type="plugin" client="site" ordering="5" access="1" enabled="true" protected="false">
            plg_content_rokinjectmodule
            <name>RokInjectModule plugin</name>
            <description>RokInjectModule plugin</description>
        </cog>
    </cogs>
</extension>
